{
  "vector": {
    "hit@k": 0.918918918918919,
    "MRR": 0.7995495495495495
  },
  "hybrid": {
    "hit@k": 1.0,
    "MRR": 0.9414414414414413
  },
  "hybrid+rerank": {
    "hit@k": 1.0,
    "MRR": 1.0
  }
}